------------- SQLite3 Dump File -------------

-- ------------------------------------------
-- Dump of "BoMon"
-- ------------------------------------------

BEGIN;

INSERT INTO "BoMon" ("id","ma_bomon","ten_bomon","khoa_id") VALUES 
( 1, 'TI', 'Bộ môn Tin', 1 ),
( 2, 'TM', 'Bộ môn Toán', 1 ),
( 3, 'NE', 'Bộ môn Ngôn ngữ Anh', 2 ),
( 4, 'NJ', 'Bộ môn Ngôn ngữ Nhật', 2 ),
( 5, 'NK', 'Bộ môn Ngôn ngữ Hàn', 2 );



COMMIT;

-- ------------------------------------------
-- Dump of "ChuongTrinhDaoTao"
-- ------------------------------------------

BEGIN;

INSERT INTO "ChuongTrinhDaoTao" ("id","ma_ctdt","ten_ctdt","nganh_id") VALUES 
( 1, 'TT', 'Công nghệ thông tin', 1 ),
( 2, 'TM', 'Khoa học máy tính', 2 );



COMMIT;

-- ------------------------------------------
-- Dump of "ChuongTrinhDaoTao_MonHoc"
-- ------------------------------------------

BEGIN;

INSERT INTO "ChuongTrinhDaoTao_MonHoc" ("ctdt_id","mon_id") VALUES 
( 1, 1 ),
( 1, 2 ),
( 1, 3 ),
( 1, 6 ),
( 1, 7 ),
( 2, 1 ),
( 2, 2 ),
( 2, 3 ),
( 2, 4 ),
( 2, 5 ),
( 2, 6 ),
( 2, 7 );



COMMIT;

-- ------------------------------------------
-- Dump of "GiangVien"
-- ------------------------------------------

BEGIN;

INSERT INTO "GiangVien" ("id","bomon_id") VALUES 
( 3, 1 ),
( 4, 2 );



COMMIT;

-- ------------------------------------------
-- Dump of "Khoa"
-- ------------------------------------------

BEGIN;

INSERT INTO "Khoa" ("id","ma_khoa","ten_khoa","phone","email") VALUES 
( 1, 'TT', 'Khoa Toán tin', '', '' ),
( 2, 'EE', 'Khoa Ngôn ngữ', '', '' ),
( 3, 'KK', 'Khoa Kinh tế', '', '' );



COMMIT;

-- ------------------------------------------
-- Dump of "Ky"
-- ------------------------------------------

BEGIN;

INSERT INTO "Ky" ("id","ten_ky","date_start","nam_id") VALUES 
( 1, 1, '2021-01-07', 1 ),
( 2, 2, '2022-05-04', 1 ),
( 3, 3, '2022-05-04', 1 );



COMMIT;

-- ------------------------------------------
-- Dump of "LichLop"
-- ------------------------------------------

BEGIN;

INSERT INTO "LichLop" ("id","thu","start","end","lop_id","phong_id","gv_id") VALUES 
( 1, 2, 1, 5, 1, 1, 3 ),
( 2, 3, 1, 5, 2, 1, 4 ),
( 3, 2, 1, 3, 3, 1, 4 ),
( 4, 4, 4, 5, 3, 2, 3 ),
( 5, 5, 5, 10, 4, 1, 4 ),
( 6, 3, 1, 3, 5, 1, '' );



COMMIT;

-- ------------------------------------------
-- Dump of "LichThi"
-- ------------------------------------------

BEGIN;

INSERT INTO "LichThi" ("id","date","start","end","mon_id","phong_id","ky_id") VALUES 
( 1, '2022-06-06', 1, 1, 1, 1, 1 ),
( 2, '2022-06-06', 2, 2, 2, 1, 1 ),
( 3, '2022-06-30', 1, 1, 2, 1, 2 );



COMMIT;

-- ------------------------------------------
-- Dump of "Lop"
-- ------------------------------------------

BEGIN;

INSERT INTO "Lop" ("id","ten_lop","so_luong","mon_id","ky_id") VALUES 
( 1, 'LTHDT.3', 35, 2, 1 ),
( 2, 'MMT.1', 35, 1, 1 ),
( 3, 'LTHDT.6', 35, 2, 2 ),
( 4, 'HQTCSDL.1', 35, 3, 2 ),
( 5, 'GT.1', 35, 4, 2 );



COMMIT;

-- ------------------------------------------
-- Dump of "LopChuyenNganh"
-- ------------------------------------------

BEGIN;

INSERT INTO "LopChuyenNganh" ("id","ten_lcn","ctdt_id","gv_id") VALUES 
( 1, 'TT32h1', 1, 3 ),
( 2, 'TT32h2', 1, 3 ),
( 3, 'TM32h2', 2, 4 );



COMMIT;

-- ------------------------------------------
-- Dump of "LopChuyenNganh_SinhVien"
-- ------------------------------------------

BEGIN;

INSERT INTO "LopChuyenNganh_SinhVien" ("lcn_id","sv_id") VALUES 
( 2, 6 ),
( 2, 5 ),
( 3, 5 );



COMMIT;

-- ------------------------------------------
-- Dump of "Mon"
-- ------------------------------------------

BEGIN;

INSERT INTO "Mon" ("id","ma_mon","ten_mon","tinchi","bomon_id") VALUES 
( 1, 'TC132', 'Mạng máy tính', 2, 1 ),
( 2, 'CS123', 'Lập trình hướng đối tượng', 3, 1 ),
( 3, 'IS332', 'Hệ quản trị cơ sở dữ liệu', 3, 1 ),
( 4, 'MA324', 'Giải tích 1', 3, 2 ),
( 5, 'MA322', 'Giải tích 2', 3, 2 ),
( 6, 'EJ123', 'Nhật 1', 2, 4 ),
( 7, 'EJ124', 'Nhật 2', 2, 4 );



COMMIT;

-- ------------------------------------------
-- Dump of "Nam"
-- ------------------------------------------

BEGIN;

INSERT INTO "Nam" ("id","date_end") VALUES 
( 1, '2022-05-06' );



COMMIT;

-- ------------------------------------------
-- Dump of "Nganh"
-- ------------------------------------------

BEGIN;

INSERT INTO "Nganh" ("id","ma_nganh","ten_nganh","khoa_id") VALUES 
( 1, '0123', 'Ngành Công nghệ thông tin', 1 ),
( 2, '0143', 'Ngành Khoa học máy tính', 1 ),
( 3, '0232', 'Ngành Ngôn ngữ Anh', 2 ),
( 4, '0214', 'Ngành Ngôn ngữ Nhật', 2 );



COMMIT;

-- ------------------------------------------
-- Dump of "NhanVien"
-- ------------------------------------------

BEGIN;

INSERT INTO "NhanVien" ("id","type") VALUES 
( 1, 1 ),
( 2, 2 );



COMMIT;

-- ------------------------------------------
-- Dump of "Person"
-- ------------------------------------------

BEGIN;

INSERT INTO "Person" ("id","pcode","username","password","email","first_name","last_name","date_birth","phone","address","xa","quan","city","role") VALUES 
( 1, 'admin', 'admin', X'306434336435663236333132656432653835356666326531343034353839613665303737613139623662666133303963663263646664666666326439316531373832376264363034343534613834663535613337323631633564386334643932386664346433363132633866346264613934633234333930333762353464316666633761356363353133616132313834313462346637616336396134656464393031613438333266616136633734373735333936313331333039336363633966', 'ndcuong@gmail.com', 'Cường', 'Nguyễn', '2022-06-08', '0868235001', '', '', '', '', 1 ),
( 2, 'test', 'test', X'316164623362366433366564623263653838353339323866303461336130356437623865316337616462646666656632306636643864346635373231323636363562613334643835313735653939646633626234383166316263376234353732333438393334383037313461346166643465353837643636363762313431333831623636363530393538343861366563306532316333303364643238666665366537336337373362623434653730336562616266356431623832336139363065', 'ndcuongtest@gmail.com', 'test', 'test', '2022-06-09', 'test', '', '', '', '', 1 ),
( 3, 'CTI001', 'CTI001', X'303430306463646565623662386363353265613366343633653137666537333435363565333362623236623338303532313231626362646136316634363464316161653338376163636565343361666265646638326362386263633431313766616432323266336131393732653634613061313938346534333963373231363064636362633935626639353034623465666138373131613365353534383439353061396332333639316236653037383537663862336637393736356130653265', 'ndcuong1@gmail.com', 'Cường', 'Nguyễn', '2022-06-09', '0868235002', '', '', '', '', 3 ),
( 4, 'CTM001', 'CTM001', NULL, 'ndcuong2@gmail.com', 'Keyl', 'Nguyễn', '2022-06-09', '01234423', '', '', '', '', 3 ),
( 5, 'A35225', 'A35225', X'643661333933646133386230383037393637396639666230633864616432353834326261313138363139636136353035626332356530626266623835623562376662663731383362353632643631653438646261396664393636653335653239323338356634643665343338303461303063616561393038316661316262663339316538643733626634333165623839323637386238386461393438663331346566643964353762396538343765616330653731383763303566616530363934', 'ndcuong2001@gmail.com', 'Cường', 'Nguyễn Doãn', '2022-06-09', '321434234', '', '', '', '', 4 ),
( 6, 'A35233', 'A35233', NULL, 'aquan@gmail.com', 'Vân Anh', 'Quản', '2022-06-09', '2342342', '', '', '', '', 4 );



COMMIT;

-- ------------------------------------------
-- Dump of "Phong"
-- ------------------------------------------

BEGIN;

INSERT INTO "Phong" ("id","ten_phong","so_luong") VALUES 
( 1, 'B101', 60 ),
( 2, 'A102', 60 );



COMMIT;

-- ------------------------------------------
-- Dump of "SinhVien"
-- ------------------------------------------

BEGIN;

INSERT INTO "SinhVien" ("id") VALUES 
( 5 ),
( 6 );



COMMIT;

-- ------------------------------------------
-- Dump of "SinhVien_LichThi"
-- ------------------------------------------

BEGIN;

INSERT INTO "SinhVien_LichThi" ("id","diemCK","lichthi_id","sv_id") VALUES 
( 5, 8, 2, 5 ),
( 6, 9, 2, 6 ),
( 7, 10, 3, 5 );



COMMIT;

-- ------------------------------------------
-- Dump of "SinhVien_Lop"
-- ------------------------------------------

BEGIN;

INSERT INTO "SinhVien_Lop" ("id","diemQT","lop_id","sv_id") VALUES 
( 1, 9, 1, 5 ),
( 2, 9, 1, 6 ),
( 3, NULL, 2, 5 ),
( 4, NULL, 2, 6 ),
( 6, 5, 4, 5 ),
( 7, 3, 4, 6 );



COMMIT;

